OrgDefinedId,Username,End-of-Line Indicator
#38370528,#shaoshus,#
#38378471,#taimengf,#
#50076726,#crdushko,#
#50211254,#tkedge,#
#50300825,#hrhutton,#
#50301229,#ambaloti,#
#50306050,#jaretlyn,#
#50311663,#hyu32,#
#50338611,#mwhorvat,#
#50338754,#dmvasapo,#
#50347047,#brdykes2,#
#50347288,#nimasolt,#
#50347375,#vedantom,#
#50348949,#adlarock,#
#50350247,#hshi8,#
#50352940,#zchen65,#
#50355990,#mjkreuze,#
#50356382,#mjs227,#
#50358581,#duncenzh,#
#50361311,#xwu46,#
#50372672,#spandey5,#
#50375823,#haobowan,#
#50394739,#mgupta8,#
#50413641,#jfewers,#
#50415808,#yluo25,#
#50417075,#yueshao,#
#50420022,#yashturk,#
#50428585,#jwong85,#
#50442942,#spaturi2,#
#50461360,#nmekala,#
#50465208,#pragathi,#
#50475282,#srisanni,#
#50479162,#jlok2,#
#50480606,#yashomna,#
#50483743,#nkassyap,#
#50487567,#yaserdon,#
#50488238,#laveshpa,#
#50495662,#peiyaoxi,#
#50496127,#yyang99,#
#50496372,#pguduru,#
#50496792,#manojpal,#
#50496921,#hbhoopal,#
#50518445,#zzhao43,#
#50524743,#zixinzhu,#
#50524764,#xuelufen,#
#50531601,#shekoufe,#
#50538617,#deepniti,#
#50539289,#akshobhy,#
#50540661,#sasankda,#
#50540891,#vbellam,#
#50542158,#divijaan,#
#50542224,#fsharsoo,#
#50542228,#ruijunli,#
#50544974,#xli293,#
#50544983,#bhushanm,#
#50544994,#vasavide,#
#50544995,#juseungl,#
#50545036,#gsubrama,#
#50545051,#lsreeram,#
#50545054,#avijan,#
#50545065,#saisreep,#
#50545218,#ialtun,#
#50545690,#malam22,#
#50546459,#haichaup,#
#50547815,#sbankar,#
#50556587,#sdaggupa,#
#50557933,#hiranmai,#
#50557962,#yamankum,#
#50559828,#pushwant,#
#50559891,#puraharr,#
#50559896,#skumar52,#
#50559911,#lkarutur,#
#50559934,#mbaradi,#
#50559941,#haoban,#
#50559943,#usrirami,#
#50559948,#tharunkr,#
#50559951,#srisairi,#
#50559954,#mindela,#
#50559958,#vishwakn,#
#50559961,#dineshgu,#
#50559962,#akamalay,#
#50559980,#m47,#
#50559981,#adoli,#
#50559984,#pranavgr,#
#50559985,#hnadedi,#
#50559990,#cjeedima,#
#50560043,#nehalpra,#
#50560077,#statavar,#
#50560088,#smoganti,#
#50560092,#ayushgoe,#
#50560094,#jyoshnak,#
#50560105,#raahulsa,#
#50560111,#rkonjeti,#
#50560135,#npaluru,#
#50560141,#paramnar,#
#50560145,#tharunch,#
#50560166,#aramired,#
#50560168,#jaisaive,#
#50560170,#stutisur,#
#50560171,#vchandav,#
#50560180,#sreemegh,#
#50560182,#nithired,#
#50560185,#rakeshme,#
#50560221,#kiranvem,#
#50560228,#nmedaboi,#
#50560236,#lalithad,#
#50560241,#sbrahman,#
#50560253,#nagasita,#
#50560259,#kavyaele,#
#50560264,#sriveera,#
#50560270,#saisumed,#
#50560273,#yuvraaj,#
#50560276,#sputhnik,#
#50560326,#rakshit2,#
#50560437,#teerthar,#
#50560439,#himavenk,#
#50560441,#satvikjo,#
#50560444,#tanviran,#
#50560450,#swanitha,#
#50560451,#shalkuri,#
#50560452,#hemaboka,#
#50560454,#mgorripa,#
#50560458,#xchen326,#
#50560459,#vchidell,#
#50560462,#pgarg2,#
#50560464,#bdudda,#
#50560466,#achand3,#
#50560476,#minazmeh,#
#50560479,#pbodke,#
#50560480,#paitha2,#
#50560482,#vdonepud,#
#50560483,#saisampa,#
#50560488,#phanisai,#
#50560490,#vchallag,#
#50560491,#aabdul,#
#50560492,#gopalak4,#
#50560493,#rohanred,#
#50560495,#saisasan,#
#50560497,#ananthav,#
#50560499,#anarkeda,#
#50560500,#rkota2,#
#50560504,#rmora3,#
#50560505,#gowthamy,#
#50560507,#nivedit2,#
#50560508,#gballa,#
#50560509,#snitturk,#
#50560510,#smedurik,#
#50560514,#krithima,#
#50560515,#hsriram,#
#50560517,#bhavanik,#
#50560518,#ssingadi,#
#50560519,#vnalamat,#
#50560520,#vpalem,#
#50560524,#vamballa,#
#50560525,#pavanthn,#
#50560526,#srimanya,#
#50560527,#sanandra,#
#50560531,#sundara6,#
#50560532,#lli93,#
#50560534,#saisohan,#
#50560535,#k33,#
#50560542,#neelvish,#
#50560547,#mounishp,#
#50560552,#rthumma,#
#50560553,#jpaliche,#
#50560555,#saiganes,#
#50560556,#svavila2,#
#50560557,#saiakash,#
#50560561,#aryanrac,#
#50560562,#arnapurn,#
#50560567,#vrudrara,#
#50560568,#nkadali,#
#50560571,#lkongara,#
#50560573,#srachako,#
#50560574,#nagurbas,#
#50560577,#mshaikap,#
#50560578,#btammine,#
#50560580,#sriharip,#
#50560586,#joshnapo,#
#50560589,#jerryma2,#
#50560593,#kushwant,#
#50560594,#jkomatin,#
#50560596,#khansakh,#
#50560598,#pthupaku,#
#50560599,#storati,#
#50560600,#prabhasv,#
#50560675,#sumapran,#
#50560677,#sumandha,#
#50560685,#akesanur,#
#50560686,#amalse,#
#50560688,#dsivapra,#
#50560694,#kavithae,#
#50560696,#reddykam,#
#50560698,#sudipkum,#
#50560699,#manishbi,#
#50560701,#anallana,#
#50560703,#anandpri,#
#50560708,#rapakara,#
#50560715,#anantha2,#
#50560719,#rthota2,#
#50560724,#sarvanna,#
#50560730,#lokeshko,#
#50560736,#parampar,#
#50560740,#ajaymood,#
#50560746,#satviksi,#
#50560751,#ganeshpr,#
#50560754,#rpodila,#
#50563882,#paragsha,#
#50563978,#shreyath,#
#50563983,#sedara,#
#50563988,#pjhade,#
#50565976,#xueyiyan,#
#50567285,#bhanunik,#
#50568057,#ritikran,#
#50568862,#tahsinfu,#
